ID , URL , CODE
1 , https://pan.baidu.com/s/17RYDZ55Ec5H9K6vK30qGmg , nuxt
2 , https://pan.baidu.com/s/1Lyf15TIAVa0mP3j_dD9b7w , 3v59
3 , https://pan.baidu.com/s/1FMD0frawC-LCyqILWkDiIw , ytv3
4 , https://pan.baidu.com/s/12FUXmgnhRDKN_sTSj-q4Aw , v1pb
5 , https://pan.baidu.com/s/1YCdnv-sG-6cNyqJuZWoT7Q , j9hg
6 , https://pan.baidu.com/s/1nJNjuPX3fhP_-kRcsCvtnA , syvb
7 , https://pan.baidu.com/s/1N92XkSrj5kUcGuk8eTJRvg , c4ee
8 , https://pan.baidu.com/s/135tND-0htsypwvzHuhXHQQ , dkri
9 , https://pan.baidu.com/s/1nFPg-DxFD31l6aALqW_K6w , nw99
10 , https://pan.baidu.com/s/1FchJ_QjiQuwmYl4_5nDHZw , 7wfe
11 , https://pan.baidu.com/s/173VUlGzm0_dW7dH3MBv1rQ , nmhd
12 , https://pan.baidu.com/s/1VIna1AAz1zwsIZJHpIA8NQ , pj63
13 , https://pan.baidu.com/s/1mlCWGO27v-r6GjIVFVQvVA , gjy2
14 , https://pan.baidu.com/s/1QXu7LEEN_8VSJsKQj7HjAg , hx6n
15 , https://pan.baidu.com/s/1gdnO_HajObPigt-T_HlNnw , hzwi
16 , https://pan.baidu.com/s/1aw2x_NoMXcMog0Y-V6vfXg , pe98
